first_name,last_name,email,phone,gender,age
Mary,,kcrawford@hotmail.com,(564)227-2610,M,19
Olivia,Phillips,james91@gmail.com,(318)693-0597,F,37
Melinda,Jones,tuckerashley@gmail.com,(681)559-3468,M,37
Cynthia,Bennett,jessicavang@hotmail.com,311-472-1256,M,41
Richard,Garcia,wilkinsonkelly@gmail.com,(855)999-5387,M,25
Crystal,,alejandra53@gmail.com,504-293-9176,M,47
Tiffany,Jones,gary76@yahoo.com,6607706349,F,42
Courtney,Gonzalez,gallowaysean@hotmail.com,(786)345-5515,F,33
Evan,Conrad,jamesrose@gmail.com,7214076522,M,52
Debbie,Villegas,vincentcrawford@yahoo.com,3583785763,F,64
Lisa,Keller,sharonconner@gmail.com,5003234680,F,56
Jennifer,Underwood,vboone@gmail.com,(631)233-0961,M,50
Courtney,Whitaker,robinsonjessica@gmail.com,(672)390-7167,M,-8
Stephen6,Fleming,aguirredonna@hotmail.com,282-576-8801,M,49
Marissa,Davidson,carterscott@gmail.com,7704715300,F,72
Drew,Murray,fgraham@yahoo.com,273-817-6404,M,30
Amanda,Acevedo,hunterlee@yahoo.com,4474565957,M,30
Amber,Rogers,alexanderford@hotmail.com,2172869421,M,30
Patricia,Hansen,dshields@yahoo.com,6873289645,M,37
Steve,Kelly,joshuafritz@hotmail.com,8489167075,M,5
Tina,,gary41@gmail.com,351-668-3031,M,67
Carol,Tyler,deborah84@hotmail.com,2345272385,F,30
Faith1,Rodriguez,richard91@hotmail.com,(741)496-8224,F,26
Paula,Johnson,pdixon@yahoo.com,294-829-3389,M,-14
Christina,Higgins,boydhector@hotmail.com,452-292-6441,F,28
Brian,Hammond,tonyarodriguez@hotmail.com,904-449-8979,M,66
Mary,Young,ericrodriguez@gmail.com,5564440321,F,68
Cynthia,Barton,amanda53@hotmail.com,742-694-7280,F,12
Kathleen,Reid,maria01@gmail.com,(518)654-3788,F,41
Rachel,Roberts,xcooper@hotmail.com,(927)781-4791,F,29
Shari,Lester,zboyd@hotmail.com,7658085059,F,61
Michael,Nelson,wreese@gmail.com,(751)780-8336,M,60
David,Parker,wreed@hotmail.com,(677)870-5188,M,61
Julie6,Ortega,heather73@yahoo.com,9349825191,M,62
Amy,Davidson,terrance67@hotmail.com,605-924-2093,F,39
Lance,Sanchez,patricia74@gmail.com,6048644723,M,43
Margaret,Wilson,greed@hotmail.com,(603)603-0971,F,33
Emily,,nataliechen@gmail.com,640-949-4194,F,75
Cynthia8,Jones,diazarthur@hotmail.com,(859)977-7863,F,66
Rhonda,Chavez,dvalentine@yahoo.com,798-563-5340,M,51
Virginia,,christophermorales@hotmail.com,297-332-1155,M,27
Sara8,Ellis,carterlaura@yahoo.com,(228)809-6439,F,59
Crystal7,Young,ecamacho@yahoo.com,3473504683,F,65
Ernest1,Schroeder,sdaugherty@yahoo.com,9397668407,M,69
Carlos,Lang,monique94@gmail.com,454-402-7041,M,73
Howard,Avila,dmoran@hotmail.com,976-623-1952,M,70
Mary,Clark,johnsonchelsea@yahoo.com,633-989-3922,F,26
Briana,Thomas,kjackson@yahoo.com,(994)342-2889,M,19
Brianna,Callahan,mark76@yahoo.com,314-945-8764,M,43
Andrew,Thompson,briansmith@yahoo.com,7502582397,M,43
William,Ramirez,ewallace@gmail.com,230-445-9769,M,30
Jessica,Lee,ryan96,(891)662-5083,M,64
Zachary,Holden,johnstonfelicia@yahoo.com,4367333838,M,56
Krista,Chen,michaeladams@yahoo.com,5839366232,F,63
Jamie,Day,sbrown@hotmail.com,(904)548-2244,F,46
Kimberly,Wilson,tammy74,963-380-2479,F,75
Timothy,Bond,alexanderjonathan@yahoo.com,393-316-0868,M,31
Kaitlyn,Green,porterdebra@gmail.com,(953)204-8879,F,67
Paul,Rush,caldwellmelanie@gmail.com,765-734-9136,M,71
Kristin,Hobbs,cheryl25@yahoo.com,5253742028,M,70
David,,andrewjensen@hotmail.com,9874102551,M,45
Andrew,Hunter,sparksbridget@gmail.com,5873362761,M,48
Crystal,Warren,juliamunoz@yahoo.com,2565767071,M,2
Nicole,Foster,michael78,(509)514-6028,F,47
Joseph,Cook,moorejoanna@hotmail.com,559-889-8580,M,37
Sarah0,Ingram,katiegreen@yahoo.com,210-954-9103,M,39
Mary,Carlson,nicholasramirez@gmail.com,(613)602-1363,F,34
Cheryl,Hamilton,kellynewman@gmail.com,6878159018,F,-6
Jennifer,Wiley,ugordon@hotmail.com,554-719-8369,F,40
Kristen,Wolf,burnsmax@yahoo.com,533-285-9399,F,48
Richard,Rodriguez,gibsonpatricia@gmail.com,(290)846-5882,M,-17
Kimberly,Herring,antonio91@gmail.com,947-818-2688,F,22
Matthew,Tate,haneychristopher@yahoo.com,9698031672,M,2
Anthony,Ray,petersonbrent,(659)206-6730,M,62
Corey,Smith,williamsbryan@yahoo.com,(897)670-3959,M,18
Raven0,Miller,lspears@gmail.com,975-839-1691,F,66
Robert,Garcia,parksteresa@gmail.com,975-805-7192,M,43
Laura,Ortiz,kathleen35@hotmail.com,3039356462,F,71
Danielle4,Hunter,nathanielmartinez@yahoo.com,(805)676-4406,F,70
Jennifer,Middleton,jennifer94@yahoo.com,3592991762,X,70
Karen,Ashley,ghowell@gmail.com,(908)873-1996,F,34
Sue,Williams,robinsontina@gmail.com,8985268016,F,28
Mary,Williams,xrivera,625-592-0207,F,52
Dustin,,jennifer82@yahoo.com,578-800-9992,M,50
Richard,Orr,hollandhailey@hotmail.com,224-422-3251,M,56
Christopher,Mejia,ifranklin@gmail.com,2393918411,M,48
Debra,Aguilar,tuckermary@gmail.com,783-792-0180,F,31
Crystal,Dixon,cathywood@yahoo.com,(587)853-7347,F,-13
Emily,Brooks,kmorse@hotmail.com,408-710-1187,F,27
Jennifer,Fritz,hsingleton@gmail.com,4046737886,M,68
Veronica,Hahn,morriswhitney@hotmail.com,200-247-6285,F,37
John,Wright,ianavila@yahoo.com,771-415-6328,M,60
Leslie,Bennett,stacey18@gmail.com,(432)242-0349,F,72
Lisa,Turner,michaelgriffith@yahoo.com,(962)911-3763,F,20
James,Berg,kathleen60@yahoo.com,431-361-5496,M,33
Gina,Hess,hallangela@yahoo.com,2644197681,F,7
Lacey,Morgan,josephchandler@yahoo.com,323-610-5096,F,42
Katherine,White,josephweaver@gmail.com,(764)349-2259,F,39
Kayla,Cook,ksullivan@gmail.com,(763)549-5841,M,63
Brendan,Ritter,sarmstrong@hotmail.com,3157546961,M,33
